Sample	TumorFraction	Ploidy
SHi26-1	0.6266	3.302
SHi26-2	0.638	3.325
SHi26-3	0.06975	2.172
SHi26-4	0.06391	2.201
SHi26-5	0.06168	2.265
SHi26-6	0.06709	2.178
SHi26-7	0.3102	2.285
SHi26-8	0.1103	3.31
SHi26-9	0.1495	2.906
SHi26-10	0.1524	3.074
SHi26-11	0.07072	2.22
SHi26-12	0.4708	2.316
