Sample	TumorFraction	Ploidy
SHi26-1	0.6396	3.271
SHi26-2	0.6341	3.282
SHi26-3	0.1027	2.133
SHi26-4	0.1047	2.15
SHi26-5	0.09941	2.163
SHi26-6	0.09999	2.132
SHi26-7	0.2036	2.962
SHi26-8	0.1451	2.944
SHi26-9	0.1397	3.042
SHi26-10	0.1579	2.998
SHi26-11	0.1106	3.235
SHi26-12	0.2675	2.863
